


27/6/2024 __________________________________________ASSIGMENT OF MySQL
                 
                 
ASSIGMENT ONE________________________________QUESTIONS

Create Table  STUDENTS
Table Must consist of 5Rows

                  
ASSIGMENT ONE________________________________ANSWERS



mysql> create table students (StudentID int, Age int, Gender int, Ethnicity int, ParentalEducation varchar(80), StudyTimeWeekly float, Absences varchar(60), Tutoring int, ParentalSupport int, Extracurricular varchar(100), Sports int, Music int , Volunteering varchar(90), GPA float, GradeClass varchar(50));
Query OK, 0 rows affected (0.05 sec)

mysql> select * from  students;
Empty set (0.00 sec)

mysql> show tables;
+-----------------+
| Tables_in_first |
+-----------------+
| students        |
| teachers        |
+-----------------+
2 rows in set (0.00 sec)

mysql> insert into students values(1001, 17, 1, 0, "2", 19.8337, "7", 1, 2, "0", 0, 1, "0", 2.9292, "2");
Query OK, 1 row affected (0.01 sec)

mysql> select * from  students;
+-----------+------+--------+-----------+-------------------+-----------------+----------+----------+-----------------+-----------------+--------+-------+--------------+--------+------------+
| StudentID | Age  | Gender | Ethnicity | ParentalEducation | StudyTimeWeekly | Absences | Tutoring | ParentalSupport | Extracurricular | Sports | Music | Volunteering | GPA    | GradeClass |
+-----------+------+--------+-----------+-------------------+-----------------+----------+----------+-----------------+-----------------+--------+-------+--------------+--------+------------+
|      1001 |   17 |      1 |         0 | 2                 |         19.8337 | 7        |        1 |               2 | 0               |      0 |     1 | 0            | 2.9292 | 2          |
+-----------+------+--------+-----------+-------------------+-----------------+----------+----------+-----------------+-----------------+--------+-------+--------------+--------+------------+
1 row in set (0.00 sec)


mysql> select * from  students;
+-----------+------+--------+-----------+-------------------+-----------------+----------+----------+-----------------+-----------------+--------+-------+--------------+--------+------------+
| StudentID | Age  | Gender | Ethnicity | ParentalEducation | StudyTimeWeekly | Absences | Tutoring | ParentalSupport | Extracurricular | Sports | Music | Volunteering | GPA    | GradeClass |
+-----------+------+--------+-----------+-------------------+-----------------+----------+----------+-----------------+-----------------+--------+-------+--------------+--------+------------+
|      1001 |   17 |      1 |         0 | 2                 |         19.8337 | 7        |        1 |               2 | 0               |      0 |     1 | 0            | 2.9292 | 2          |
+-----------+------+--------+-----------+-------------------+-----------------+----------+----------+-----------------+-----------------+--------+-------+--------------+--------+------------+
1 row in set (0.00 sec)


mysql> select * from  students;
+-----------+------+--------+-----------+-------------------+-----------------+----------+----------+-----------------+-----------------+--------+-------+--------------+--------+------------+
| StudentID | Age  | Gender | Ethnicity | ParentalEducation | StudyTimeWeekly | Absences | Tutoring | ParentalSupport | Extracurricular | Sports | Music | Volunteering | GPA    | GradeClass |
+-----------+------+--------+-----------+-------------------+-----------------+----------+----------+-----------------+-----------------+--------+-------+--------------+--------+------------+
|      1001 |   17 |      1 |         0 | 2                 |         19.8337 | 7        |        1 |               2 | 0               |      0 |     1 | 0            | 2.9292 | 2          |
+-----------+------+--------+-----------+-------------------+-----------------+----------+----------+-----------------+-----------------+--------+-------+--------------+--------+------------+
1 row in set (0.00 sec)


mysql> insert into students values(1002, 18, 0, 0, "1", 15.40875606, "0", 0, 1, "0", 0, 0, "0", 3.042914833, "1");
Query OK, 1 row affected (0.01 sec)

mysql> insert into students values(1003, 15, 0, 2, "3", 4.210569769, "26", 0, 2, "0", 0, 0, "0", 0.112602254, "4");
Query OK, 1 row affected (0.01 sec)


mysql> insert into students values(1004, 17, 1, 0, "3", 10.02882947, "14", 0, 3, "1", 0, 0, "0", 2.05421814, "3");
Query OK, 1 row affected (0.01 sec)

mysql> select * from  students;
+-----------+------+--------+-----------+-------------------+-----------------+----------+----------+-----------------+-----------------+--------+-------+--------------+----------+------------+
| StudentID | Age  | Gender | Ethnicity | ParentalEducation | StudyTimeWeekly | Absences | Tutoring | ParentalSupport | Extracurricular | Sports | Music | Volunteering | GPA      | GradeClass |
+-----------+------+--------+-----------+-------------------+-----------------+----------+----------+-----------------+-----------------+--------+-------+--------------+----------+------------+
|      1001 |   17 |      1 |         0 | 2                 |         19.8337 | 7        |        1 |               2 | 0               |      0 |     1 | 0            |   2.9292 | 2          |
|      1002 |   18 |      0 |         0 | 1                 |         15.4088 | 0        |        0 |               1 | 0               |      0 |     0 | 0            |  3.04291 | 1          |
|      1003 |   15 |      0 |         2 | 3                 |         4.21057 | 26       |        0 |               2 | 0               |      0 |     0 | 0            | 0.112602 | 4          |
|      1004 |   17 |      1 |         0 | 3                 |         10.0288 | 14       |        0 |               3 | 1               |      0 |     0 | 0            |  2.05422 | 3          |
+-----------+------+--------+-----------+-------------------+-----------------+----------+----------+-----------------+-----------------+--------+-------+--------------+----------+------------+
4 rows in set (0.00 sec)


mysql> insert into students values(1005, 17, 1, 0, "2", 4.672495273, "17", 1, 3, "0", 0, 0, "0", 1.288061182, "4");
Query OK, 1 row affected (0.01 sec)

mysql> select * from  students;
+-----------+------+--------+-----------+-------------------+-----------------+----------+----------+-----------------+-----------------+--------+-------+--------------+----------+------------+
| StudentID | Age  | Gender | Ethnicity | ParentalEducation | StudyTimeWeekly | Absences | Tutoring | ParentalSupport | Extracurricular | Sports | Music | Volunteering | GPA      | GradeClass |
+-----------+------+--------+-----------+-------------------+-----------------+----------+----------+-----------------+-----------------+--------+-------+--------------+----------+------------+
|      1001 |   17 |      1 |         0 | 2                 |         19.8337 | 7        |        1 |               2 | 0               |      0 |     1 | 0            |   2.9292 | 2          |
|      1002 |   18 |      0 |         0 | 1                 |         15.4088 | 0        |        0 |               1 | 0               |      0 |     0 | 0            |  3.04291 | 1          |
|      1003 |   15 |      0 |         2 | 3                 |         4.21057 | 26       |        0 |               2 | 0               |      0 |     0 | 0            | 0.112602 | 4          |
|      1004 |   17 |      1 |         0 | 3                 |         10.0288 | 14       |        0 |               3 | 1               |      0 |     0 | 0            |  2.05422 | 3          |
|      1005 |   17 |      1 |         0 | 2                 |          4.6725 | 17       |        1 |               3 | 0               |      0 |     0 | 0            |  1.28806 | 4          |
+-----------+------+--------+-----------+-------------------+-----------------+----------+----------+-----------------+-----------------+--------+-------+--------------+----------+------------+
5 rows in set (0.00 sec)






*ASSIGMENT TWO ________________________________QUESTIONS

View 1 - ID, Age, Gender, GPA
View 2 - ID, Age, Ethnicity, StudyTimeWeekly, GPA
View 3 - Age, GPA, Absences
View 4 - ID, Age, Gender, GPA - GPA > 3
View 5 - ID, Age, Gender, GPA - Gender = 1

                  
ASSIGMENT TWO ________________________________ANSWERS

CREATE VIEW view1 AS SELECT StudentID , Age, Gender, GPA FROM students;


CREATE VIEW view2 AS SELECT StudentID , Age, Ethnicity, StudyTimeWeekly, GPA FROM students;


CREATE VIEW view3 AS SELECT Age, GPA, Absences FROM students ;


CREATE VIEW view4 AS SELECT StudentID , Age, Gender, GPA FROM students WHERE GPA > 3;


CREATE VIEW view5 AS SELECT StudentID , Age, Gender, GPA FROM students WHERE Gender = 1;





mysql> CREATE VIEW view1 AS SELECT StudentID , Age, Gender, GPA FROM students;
Query OK, 0 rows affected (0.02 sec)

mysql> select * from  view1;
+-----------+------+--------+----------+
| StudentID | Age  | Gender | GPA      |
+-----------+------+--------+----------+
|      1001 |   17 |      1 |   2.9292 |
|      1002 |   18 |      0 |  3.04291 |
|      1003 |   15 |      0 | 0.112602 |
|      1004 |   17 |      1 |  2.05422 |
|      1005 |   17 |      1 |  1.28806 |
+-----------+------+--------+----------+
5 rows in set (0.00 sec)

mysql> CREATE VIEW view2 AS SELECT StudentID , Age, Ethnicity, StudyTimeWeekly, GPA FROM students;
Query OK, 0 rows affected (0.03 sec)

mysql> select * from  view2;
+-----------+------+-----------+-----------------+----------+
| StudentID | Age  | Ethnicity | StudyTimeWeekly | GPA      |
+-----------+------+-----------+-----------------+----------+
|      1001 |   17 |         0 |         19.8337 |   2.9292 |
|      1002 |   18 |         0 |         15.4088 |  3.04291 |
|      1003 |   15 |         2 |         4.21057 | 0.112602 |
|      1004 |   17 |         0 |         10.0288 |  2.05422 |
|      1005 |   17 |         0 |          4.6725 |  1.28806 |
+-----------+------+-----------+-----------------+----------+
5 rows in set (0.00 sec)

mysql> CREATE VIEW view3 AS SELECT Age, GPA, Absences FROM students ;
Query OK, 0 rows affected (0.02 sec)

mysql> select * from  view3;
+------+----------+----------+
| Age  | GPA      | Absences |
+------+----------+----------+
|   17 |   2.9292 | 7        |
|   18 |  3.04291 | 0        |
|   15 | 0.112602 | 26       |
|   17 |  2.05422 | 14       |
|   17 |  1.28806 | 17       |
+------+----------+----------+
5 rows in set (0.00 sec)

mysql> CREATE VIEW view4 AS SELECT StudentID , Age, Gender, GPA FROM students WHERE GPA > 3;
Query OK, 0 rows affected (0.02 sec)

mysql> select * from  view4;
+-----------+------+--------+---------+
| StudentID | Age  | Gender | GPA     |
+-----------+------+--------+---------+
|      1002 |   18 |      0 | 3.04291 |
+-----------+------+--------+---------+
1 row in set (0.01 sec)

mysql>
mysql> CREATE VIEW view5 AS SELECT StudentID , Age, Gender, GPA FROM students WHERE Gender = 1;
Query OK, 0 rows affected (0.02 sec)

mysql> select * from  view5;
+-----------+------+--------+---------+
| StudentID | Age  | Gender | GPA     |
+-----------+------+--------+---------+
|      1001 |   17 |      1 |  2.9292 |
|      1004 |   17 |      1 | 2.05422 |
|      1005 |   17 |      1 | 1.28806 |
+-----------+------+--------+---------+
3 rows in set (0.00 sec)

mysql> 